strategy,weighted_mean_contribution_eur,mean_std_contribution_eur,weighted_prob_loss,weighted_cvar5_contribution_eur,weighted_prob_meet_hurdle,base_case_contribution_eur,base_case_adoption_rate,risk_adjusted_score,rank
subsidized_65_to_20,11275038.464204935,1109281.434660659,0.0,8881019.588281062,1.0,9687254.027866691,0.30019833333333334,10831325.890340671,1
entry_35,5185806.200314692,959011.6190115277,0.0,3247978.4397236155,0.98125,4016516.4797963453,0.19848166666666667,4802201.552710081,2
standard_65,-2597122.2812844776,643039.3727963096,0.8375,-3798008.689670545,0.005000000000000001,-3340128.668377827,0.09483333333333334,-5707689.76833711,3
