strategy,membership_fee_eur,first_year_subsidy_eur,effective_fee_eur,info_cues_used,adoption_rate,projected_member_households,projected_member_spend_eur,membership_revenue_eur,merchandise_contribution_eur,total_contribution_eur,break_even_monthly_spend_eur
subsidized_65_to_20,65.0,45.0,20.0,7,0.3248666666666667,146190.0,1139749184.19057,2923800.0,22767978.053310573,11758858.053310573,17.007335985809036
entry_35,35.0,0.0,35.0,6,0.21393333333333334,96270.0,854729688.2516205,3369450.0,16300798.488319367,5737328.488319367,29.762837975165812
standard_65,65.0,0.0,65.0,5,0.10826666666666666,48720.0,520706536.0318594,3166800.0,9118354.073432848,-1647765.9265671521,55.27384195387936
