driver,base_monthly_break_even_eur,low_case_delta_eur,high_case_delta_eur,swing_abs_eur
inflation,55.35833333333334,-0.17875000000002217,0.17874999999999375,0.17875000000002217
membership_fee,55.35833333333334,-8.303750000000008,8.303749999999994,8.303750000000008
bulk_discount,55.35833333333334,9.769117647058813,-7.220652173913038,9.769117647058813
