strategy,weighted_mean_contribution_eur,strategy_growth_assumption,npv_5y_eur,terminal_value_discounted_eur,payback_year
subsidized_65_to_20,11275038.464204935,0.037019833333333335,-159379778.5417326,0.0,-1
entry_35,5185806.200314692,0.02684816666666667,-257000115.19674185,0.0,-1
standard_65,-2597122.2812844776,0.016483333333333336,-377902367.0920895,0.0,-1
